event_id,camera_id,start_time,end_time,region,motion_area,bbox_x,bbox_y,bbox_width,bbox_height,evidence_path,duration_seconds
EVT-20261002-125729-360518,CAM-01,2026-10-02 12:57:29,2026-10-02 12:57:41,TOP LEFT,3697,,,,,,12.45
EVT-20261002-125742-543374,CAM-01,2026-10-02 12:57:42,2026-10-02 12:57:43,TOP LEFT,2746,,,,,,1.39
EVT-20261002-125744-113469,CAM-01,2026-10-02 12:57:44,2026-10-02 12:57:45,BOTTOM LEFT,2250,,,,,,1.26
EVT-20261002-125749-091187,CAM-01,2026-10-02 12:57:49,2026-10-02 12:57:50,BOTTOM RIGHT,1916,,,,,,1.42
EVT-20261002-125750-761175,CAM-01,2026-10-02 12:57:50,2026-10-02 12:57:51,BOTTOM RIGHT,1036,,,,,,0.99
EVT-20261002-125752-352344,CAM-01,2026-10-02 12:57:52,2026-10-02 12:58:18,BOTTOM RIGHT,1483,,,,,,25.95
EVT-20261002-125820-561691,CAM-01,2026-10-02 12:58:20,2026-10-02 12:58:27,BOTTOM RIGHT,1597,,,,,,7.25
EVT-20261002-132119-717016,CAM-01,2026-10-02 13:21:19,2026-10-02 13:21:23,BOTTOM LEFT,5294,,,,,data/evidence/EVT-20261002-132119-717016.jpg,3.60
EVT-20261002-132124-597336,CAM-01,2026-10-02 13:21:24,2026-10-02 13:21:26,TOP LEFT,2981,,,,,data/evidence/EVT-20261002-132124-597336.jpg,2.27
EVT-20261002-133939-358477,CAM-01,2026-10-02 13:39:39,2026-10-02 13:39:41,BOTTOM LEFT,892,0,438,52,42,data/evidence/EVT-20261002-133939-358477.jpg,1.86
EVT-20261002-133944-382960,CAM-01,2026-10-02 13:39:44,2026-10-02 13:39:47,BOTTOM LEFT,1817,17,242,57,90,data/evidence/EVT-20261002-133944-382960.jpg,2.86
